<beans xmlns = "http://www.springframework.org/schema/beans"
   xmlns:context = "http://www.springframework.org/schema/context"
   xmlns:xsi = "http://www.w3.org/2001/XMLSchema-instance"
    xmlns:mvc="http://www.springframework.org/schema/mvc"
   
   xsi:schemaLocation = "http://www.springframework.org/schema/beans     
   http://www.springframework.org/schema/beans/spring-beans.xsd
   http://www.springframework.org/schema/context 
   http://www.springframework.org/schema/context/spring-context.xsd

http://www.springframework.org/schema/mvc
http://www.springframework.org/schema/mvc/spring-mvc-4.0.xsd">
  
   
   
<context:component-scan base-package = "com.mms.controller" />
      
         <context:component-scan base-package = "com.mms.model" />
             <context:component-scan base-package = "com.mms.service" />
            <context:component-scan base-package = "com.mms.dao" />
            <context:component-scan base-package = "com.mms.validator" />
    
        <mvc:resources mapping="/image/**" location="/image/" />
        <mvc:annotation-driven />
        <mvc:resources mapping="/misc/**" location="/misc/" />
        <mvc:annotation-driven />
            
   <bean class = "org.springframework.web.servlet.view.InternalResourceViewResolver">
      <property name = "prefix" value = "/" />
      <property name = "suffix" value = ".jsp" />
   </bean>

</beans>